Heurística,VA_Temp,VO_Temp,VA_Hum,VO_Hum,VA_Noise,VO_Noise,VA_Light,VO_Luz,Satisfacción
Algoritmo Genético,28,23.47548922977974,82,45.7419986016516,60,30.811008582970445,130,456.4249786442634,0.4999975
Algoritmo Genético,23,25.376336140915683,81,53.53670200185448,61,54.72102171148536,4018,458.251719137556,0.45264
Algoritmo Genético,19,19.85437448895798,87,56.490949616579805,22,15.038036218177046,8705,257.9049076850424,0.526186875
Algoritmo Genético,26,20.126568105530165,49,58.80788416316925,38,42.76911701721028,2106,348.8975368153217,0.484186875
Algoritmo Genético,23,20.04769306944736,94,49.54854027697661,52,5.832294481086706,9467,460.12937391830025,0.46606187499999996
Algoritmo Genético,33,18.63288935668458,95,56.84184477279864,27,53.87460258503674,7866,435.68963309860266,0.46014875
Algoritmo Genético,26,24.717056366262568,92,48.7630820117647,2,49.69220019600261,3481,499.4915610956798,0.497200625
Algoritmo Genético,27,23.07733462832829,46,43.921757680352805,52,56.527330121338494,1812,319.21261691259105,0.49270625
Algoritmo Genético,28,20.485374871728112,78,56.42223074135816,43,13.92128664535398,6093,326.3006965063814,0.43015375
Algoritmo Genético,26,23.4834974161836,71,49.56805455578807,55,1.0579711511213974,7334,425.8676789529055,0.444616875
Algoritmo Genético,35,22.35019139769017,75,43.02309545403978,60,46.860259137463785,5969,211.183935218232,0.4373224999999999
Algoritmo Genético,31,21.19764650570953,48,47.7956955396464,16,23.322120504782017,554,366.2411514964964,0.5301868750000001
Algoritmo Genético,30,21.75150250582175,46,58.4275455819827,28,58.046398305374034,821,440.1748138815988,0.5116499999999999
Algoritmo Genético,31,22.69449172774652,53,59.9705445773993,28,52.74914496733607,5027,385.7609641772092,0.482535
Algoritmo Genético,31,24.40096455852793,41,45.36341745415717,4,15.171678103879682,2996,284.055922600854,0.5394049999999999
Algoritmo Genético,27,19.54333635915267,62,52.93774777866539,45,56.3731713987856,3667,268.7585124812463,0.433198125
Algoritmo Genético,34,18.998332452840536,67,53.75722073727869,36,58.02113189023921,3414,406.6440079992868,0.45527562499999996
Algoritmo Genético,24,20.13321248331718,75,45.46945303415068,55,10.1160547360299,1139,305.4826996763626,0.442855625
Algoritmo Genético,35,22.63771320326433,76,53.14245786213272,51,40.689181421349225,2924,470.1005889469869,0.437374375
Algoritmo Genético,34,18.31034269110897,44,42.78159464289653,61,3.203253478465684,4802,330.027070928571,0.47650187499999996
Algoritmo Genético,27,22.41456760592761,41,48.35886867669804,57,34.834185649195625,7652,487.4090316091787,0.51471875
Algoritmo Genético,33,22.597368457617847,74,52.09238885275606,38,7.291106964969504,1320,265.306748047502,0.45462374999999994
Algoritmo Genético,20,25.96646985082709,62,46.125757363349166,21,30.493150577670857,4939,208.5621197987061,0.47607625
Algoritmo Genético,34,22.83675212480284,72,46.21149065200833,6,22.32713076330388,9644,364.653645013708,0.48258874999999996
Algoritmo Genético,35,19.43407555653068,100,56.425719116429626,45,16.397119283276915,1667,439.4280992346892,0.455099375
Algoritmo Genético,18,20.72558251812628,70,53.0832916427494,31,15.195448319029731,439,419.7578748077906,0.62911125
Algoritmo Genético,26,18.526018303375142,54,42.65503125547733,12,14.80144775018358,7369,270.76856949467293,0.50701625
Algoritmo Genético,19,24.126143835001717,94,53.91601508412055,46,43.80432921304177,4130,389.6137102472412,0.49734375
Algoritmo Genético,27,22.62867076101794,67,49.131036901160094,26,23.82243713612536,4856,345.3489166840297,0.471274375
Algoritmo Genético,26,25.17514048251002,71,59.54239223652979,65,50.84039328599616,800,247.58367152702655,0.41910000000000003
Algoritmo Genético,24,22.62087563284115,70,56.1810331163246,57,53.22822526877409,2752,328.81574316424087,0.451635
Algoritmo Genético,35,25.482911035428582,51,43.719772865643336,56,11.940891892354662,3847,356.44059711999944,0.45908999999999994
Algoritmo Genético,28,19.127177884049868,98,47.82400214590193,59,51.39004327052552,4510,440.241878379934,0.44090125
Algoritmo Genético,36,21.982544180393205,89,55.63035858822124,10,15.833974936506522,279,342.1034398350656,0.5835012500000001
Algoritmo Genético,28,20.976077643495884,60,57.30941903212309,61,14.104502625554655,6183,492.6377096587312,0.4410006249999999
Algoritmo Genético,22,18.184181022469797,55,55.22323224236288,21,44.51668337871647,1212,375.472047223322,0.516184375
Algoritmo Genético,32,25.80765676777547,91,52.89325783347843,46,58.02192415844405,3347,218.2130976025315,0.4544293749999999
Algoritmo Genético,22,18.44570505117588,57,45.34780465010252,34,32.76148913527873,5238,428.9074824090048,0.47849374999999994
Algoritmo Genético,28,23.928421338330395,76,42.33155540743876,45,25.230624904272595,9209,404.7141761616689,0.4601575
Algoritmo Genético,24,19.792653318842557,91,51.29699969418843,39,6.129656711357832,3161,390.9904975441949,0.46054249999999997
Algoritmo Genético,28,18.58872078836504,55,47.66499824652198,21,46.095375280476254,4521,337.0133484971934,0.488444375
Algoritmo Genético,31,24.86814904344332,90,58.152097249971526,35,45.71522298896426,3473,326.8142574473562,0.479324375
Algoritmo Genético,30,21.333298839777903,57,48.94257957150262,19,3.2348884574187453,5198,439.0522805605716,0.478638125
Algoritmo Genético,30,24.586931732419043,100,40.108832884581865,9,54.67593808104007,2247,233.8438540330614,0.489396875
Algoritmo Genético,27,24.90398890291349,83,48.49456663481678,21,21.352997616345625,5157,380.1414561969761,0.48958
Algoritmo Genético,33,22.09037291177705,84,56.74558042787547,45,22.34773994165864,8769,470.1099395400457,0.44048624999999997
Algoritmo Genético,29,18.939740418534228,74,47.31096565503127,22,40.20081119682367,1019,495.784946167901,0.48822875
Algoritmo Genético,23,23.4229497053158,93,51.23543926131551,57,26.83427926726962,3086,254.0380993328871,0.468251875
Algoritmo Genético,24,24.317198126864263,71,44.242759681104346,34,48.27848053915431,8660,439.9826632617351,0.463466875
Algoritmo Genético,34,18.531634441866643,83,56.983097735013416,58,3.58172340561874,1777,447.20990303757566,0.43788875
Algoritmo Genético,31,20.68247446023129,75,45.31038361052425,43,1.156529321720514,4223,393.94555743594674,0.466321875
Algoritmo Genético,32,21.935273650193416,51,45.73065697338589,14,32.221181886368896,4161,251.48547032995592,0.5099825
Algoritmo Genético,27,23.02213780660665,43,59.16269007344671,57,45.18853032814636,4731,231.44412107711625,0.497944375
Algoritmo Genético,23,22.83742177923964,97,45.530123767119406,45,0.4659883779700635,4962,447.24830077652894,0.481550625
Algoritmo Genético,34,23.22288954834806,80,40.50997360820501,14,18.261743326788768,3697,275.16020449944176,0.457459375
Algoritmo Genético,24,20.028962494728304,83,53.205919284729845,58,5.18183157156523,6691,450.3014720664812,0.439401875
Algoritmo Genético,30,24.798855707880765,96,50.60321967059999,19,0.7707956629789048,4141,241.81160331590308,0.49530125
Algoritmo Genético,20,24.47007201039494,74,49.663203434671566,0,45.380217505018166,4474,301.8543531592552,0.49887875
Algoritmo Genético,36,20.12824270931125,56,50.03620508559527,48,53.23897323050409,4779,200.75645703432565,0.46330562499999994
Algoritmo Genético,32,24.98133846308415,94,51.76658811572121,5,51.72104506409661,2415,347.04691413467964,0.478935
Algoritmo Genético,36,20.586598495358768,87,55.15251182216535,7,1.3005788259104922,6534,359.0193491465964,0.47387124999999997
Algoritmo Genético,28,22.351394614305057,76,51.315572622103474,57,58.652314525171136,1785,406.7798881507561,0.445844375
Algoritmo Genético,19,25.42371453410732,86,43.66820022171672,36,43.70955796781468,2627,265.820382154364,0.5195531250000001
Algoritmo Genético,21,24.83865034758308,89,54.19528603206673,5,20.831575768566022,8305,282.61469229554905,0.52382
Algoritmo Genético,33,24.73455463310692,71,45.88431700918228,53,7.126870392897365,2239,428.7126553787078,0.4709325
Algoritmo Genético,31,24.44622565720272,47,45.3455788367992,43,49.5705387357137,8654,413.4253490563842,0.48440625000000004
Algoritmo Genético,22,21.327228090369022,97,51.15908190956168,56,25.01439500318709,5191,372.4931140474648,0.4559525
Algoritmo Genético,18,23.33092364660168,76,44.0863237324871,60,2.780184093606426,4187,404.1759730540793,0.49704
Algoritmo Genético,20,24.146984908442917,82,58.41530640423412,53,53.82936594798957,7952,218.1227174117836,0.47545499999999996
Algoritmo Genético,20,19.25627812616008,72,48.98359434752755,44,54.38130182557399,6739,348.5930143586215,0.48030875
Algoritmo Genético,29,20.58402108877418,80,40.88772593594189,3,56.05800492784775,2986,314.2466914729662,0.474038125
Algoritmo Genético,35,18.666515433754903,91,41.37740540773655,36,53.99937333710449,6135,270.8111664926637,0.46694375
Algoritmo Genético,30,22.481825044765323,92,49.24354476578024,39,27.38000155104259,8713,308.89264287849386,0.45204374999999997
Algoritmo Genético,31,19.027443655180207,48,49.66968559076172,58,54.821132614842014,9529,407.40978811545233,0.47180687499999996
Algoritmo Genético,26,25.792144374107,52,53.139739716647895,8,48.47650540968201,7673,305.4244662701902,0.518990625
Algoritmo Genético,23,24.86261080786343,52,55.424656644210245,6,42.08364005789053,9237,436.4595376043833,0.5251600000000001
Algoritmo Genético,31,25.177675792806976,100,52.81681409130742,10,49.393365272769735,3741,230.46728683031853,0.481160625
Algoritmo Genético,27,20.736498717281457,87,59.984962232890126,61,47.96164954102299,3760,403.4996081002444,0.4346225
Algoritmo Genético,24,25.25669363701826,54,58.20588755168498,31,38.98973506173843,4434,342.0474641213787,0.51071
Algoritmo Genético,33,20.18360852200245,100,57.31564835783874,12,57.23513262589846,5689,272.88574882196747,0.46526437499999995
Algoritmo Genético,23,23.57991619618052,90,54.72200953377593,16,37.97935447204683,2088,332.2103677669035,0.5122025
Algoritmo Genético,18,20.81960981078126,64,53.141714704379744,26,38.590726332373386,946,311.8172226123475,0.53904625
Algoritmo Genético,30,19.53125656220497,85,41.33482300229501,28,31.54642659245148,9881,375.4131261893095,0.456611875
Algoritmo Genético,30,23.214251568588505,48,58.18728261834448,3,20.245634056294385,5533,381.2659838106242,0.5418675
Algoritmo Genético,23,25.125584541015893,72,48.13719226226513,43,48.63680391438909,3240,301.57104639649185,0.46934875
Algoritmo Genético,20,18.303395374148288,48,40.51785501217006,7,10.409832172001048,5639,211.89605660846811,0.5555337499999999
Algoritmo Genético,27,22.086533106926108,80,42.29383598345556,26,59.317807460235926,6129,478.8686422075136,0.47257687499999995
Algoritmo Genético,25,18.271625924168788,95,45.22102640008956,20,49.25664231553357,3189,444.7840419568274,0.472725
Algoritmo Genético,19,21.75660381547991,49,48.99524802358311,46,42.54206802314056,5380,264.5461066091159,0.530933125
Algoritmo Genético,19,23.377962849561023,88,47.35833015068663,20,42.68899406446687,6362,379.9657020685405,0.48862875
Algoritmo Genético,21,19.02104460094248,59,52.24953121389916,58,3.807868442484033,1953,292.9739871990836,0.46447812499999996
Algoritmo Genético,35,25.68428282779646,88,47.49772168961195,19,46.61218755262096,5633,413.4793838429765,0.4994262499999999
Algoritmo Genético,25,25.02689626864253,78,42.92173724377204,21,19.705173461918697,5309,292.39312208166007,0.49632937499999996
Algoritmo Genético,23,22.25546648605044,98,46.2319152674424,56,40.34898952808112,2743,363.2476561340968,0.456165
Algoritmo Genético,24,18.70418390633536,81,55.10063403496153,11,58.7444062933378,785,260.24095252796536,0.49361625
Algoritmo Genético,21,21.469281235463534,58,55.8067413881134,14,18.29061352288199,1914,321.2129934384741,0.539894375
Algoritmo Genético,27,21.61495151215774,73,54.89924501398829,55,18.03529040997929,2143,397.2642301038942,0.45034624999999995
Algoritmo Genético,21,23.461862379773123,41,43.882395457214194,1,54.33637799049548,9013,239.24544863367808,0.567334375
Algoritmo Genético,21,19.137284424603283,51,56.93525606377811,56,45.48205726921735,5470,329.740079054241,0.521211875
Algoritmo Genético,18,24.74070083537534,41,56.75663997816349,9,18.42961068190233,9514,430.6945325828161,0.6223974999999999
Busqueda Local,28,24.25105146257189,82,51.01484779754692,60,1.1196232165408704,130,228.4990998843777,0.4999674999999999
Busqueda Local,23,18.011705117261705,81,47.41803297625147,61,14.451744981012926,4018,200.6272012041785,0.37551499999999993
Busqueda Local,19,25.98302185227877,87,42.94205760309107,22,59.962443173807344,8705,201.2081477108276,0.375855
Busqueda Local,26,18.828660306913456,49,40.03314358239978,38,0.0151918922437999,2106,205.7212536307924,0.37585624999999995
Busqueda Local,23,18.000695254366995,94,54.68523759330573,52,0.402035366724911,9467,200.13564205079135,0.3753674999999999
Busqueda Local,33,22.099070376799567,95,43.33168349225563,27,0.363631710856731,7866,202.5760343488554,0.37561749999999994
Busqueda Local,26,24.74482926155005,92,53.86048167160931,2,59.309142088043245,3481,201.05851175797108,0.3757799999999999
Busqueda Local,27,24.500645914654232,46,40.01833468357341,52,59.998995724764754,1812,202.12645730235843,0.3757374999999999
Busqueda Local,28,23.14864839940157,78,57.30041476802589,43,1.1896039653264268,6093,202.15160754758267,0.3755799999999999
Busqueda Local,26,19.48721252205432,71,47.34282478296869,55,0.3400214517812072,7334,201.9872434005475,0.375305
Busqueda Local,35,24.1902450054925,75,56.59648551688738,60,43.609476114836,5969,201.48844228989023,0.37549249999999995
Busqueda Local,31,24.159217247328343,48,40.05980616055967,16,59.79565980676131,554,200.353383181126,0.3761574999999999
Busqueda Local,30,21.81715884116748,46,59.71928320954344,28,59.76776293340895,821,200.10408068660095,0.3758275
Busqueda Local,31,18.046278340286488,53,40.06809440382835,28,59.746787396920496,5027,201.0121748176636,0.37567875
Busqueda Local,31,18.742570487867678,41,59.930788250841374,4,59.91530985967923,2996,200.18861139692612,0.3761849999999999
Busqueda Local,27,20.0117176492342,62,46.92047780403649,45,0.5944684337474992,3667,200.365683298564,0.37529999999999997
Busqueda Local,34,24.687879123006752,67,59.19885366651798,36,0.3229059482676422,3414,200.44605735552696,0.3755818749999999
Busqueda Local,24,18.006340704104606,75,44.87408904604175,55,0.012102004112775,1139,201.35981326333703,0.3753968749999999
Busqueda Local,35,20.04785167905875,76,43.69642199859759,51,59.96522546383395,2924,200.67895573054935,0.37535562499999997
Busqueda Local,34,22.126902569408507,44,40.05345619837613,61,20.36047429133904,4802,200.4303423839632,0.3758875
Busqueda Local,27,21.67123144614646,41,59.91839096067522,57,0.019947955779711,7652,202.86211438851907,0.375875625
Busqueda Local,33,25.051360794047564,74,45.67887725346586,38,0.2376559880113382,1320,200.38682570434003,0.37541062499999994
Busqueda Local,20,25.986041238478965,62,56.90444461128938,21,59.907997696668666,4939,201.8940507005234,0.3759375
Busqueda Local,34,21.516335423254205,72,52.8196001837724,6,59.93262371230559,9644,202.54526466279617,0.37570499999999996
Busqueda Local,35,20.70480404792559,100,49.90129235342805,45,59.97189449735887,1667,200.5418968105716,0.3755268749999999
Busqueda Local,18,25.97903216328404,70,47.43085893041541,31,0.0117689850693469,439,201.73906455520844,0.5009325
Busqueda Local,26,20.49425247378167,54,59.99610436684095,12,59.80698956466391,7369,201.2108006384891,0.3758074999999999
Busqueda Local,19,25.961575924217048,94,59.21329868656727,46,0.0918237501408358,4130,201.92404347047028,0.37591874999999997
Busqueda Local,27,22.673766051755702,67,49.10127202690544,26,59.72236358218263,4856,200.33102637711875,0.37548249999999994
Busqueda Local,26,24.94483561880789,71,57.377225058005976,65,17.886224596622235,800,200.62746408632265,0.3752675
Busqueda Local,24,18.087745248284115,70,59.57168586504134,57,0.3555728295024196,2752,201.9351335599018,0.375335
Busqueda Local,35,18.80304292943172,51,40.02967074847061,56,0.1210802272768285,3847,201.44986870335347,0.375456875
Busqueda Local,28,22.634095973041468,98,55.92120539462479,59,3.961389528773061,4510,202.68824271000548,0.3753424999999999
Busqueda Local,36,18.455533864287943,89,56.71162594665866,10,59.95870734572856,279,497.4541823718963,0.5004593749999999
Busqueda Local,28,23.37074665919741,60,55.995645922558765,61,13.587899203976807,6183,204.61564782193173,0.3751425
Busqueda Local,22,18.007350220574406,55,40.01862872898288,21,0.2992072431174142,1212,201.31720697442972,0.37639500000000004
Busqueda Local,32,21.554423160591156,91,48.53881518572349,46,0.0007014608943634,3347,200.3530608776852,0.3754087499999999
Busqueda Local,22,18.007598661491144,57,40.16346327269813,34,59.901088139600205,5238,201.54780263735356,0.3757375
Busqueda Local,28,22.66706526908653,76,50.90280154328951,45,0.0792323995004351,9209,200.1657843246188,0.375384375
Busqueda Local,24,25.9953258012066,91,41.75400833047149,39,0.0794714207618518,3161,201.2218458712346,0.3758262499999999
Busqueda Local,28,24.006587426242096,55,40.05469119483792,21,0.0639425078642941,4521,200.8719501857798,0.37569499999999995
Busqueda Local,31,21.75442462262833,90,50.79003549878027,35,0.1721684549459068,3473,200.1517844126493,0.3754374999999999
Busqueda Local,30,22.1813056530201,57,40.10930946630422,19,0.2603271408827212,5198,201.22803908187484,0.37572375
Busqueda Local,30,24.217461784845007,100,54.11400883585932,9,59.96507606726722,2247,200.0899631686349,0.3757174999999999
Busqueda Local,27,18.254254374270328,83,45.40927069269634,21,59.7315444589609,5157,200.85249514726743,0.3755612499999999
Busqueda Local,33,18.02832234601711,84,56.12361140765691,45,0.0018920800975119,8769,200.3679245175583,0.375466875
Busqueda Local,29,25.212963777101763,74,59.26362817024695,22,59.83723341203431,1019,200.297818692208,0.37579062499999993
Busqueda Local,23,18.024237492077287,93,56.20680584835027,57,0.2479330524836487,3086,201.0632390256069,0.37553125
Busqueda Local,24,25.99773139407329,71,50.997257444012114,34,0.0986448420406804,8660,200.9634457255492,0.37566437499999994
Busqueda Local,34,23.644973884849584,83,49.95567736162376,58,0.1912156580260426,1777,200.06382754157977,0.3752775
Busqueda Local,31,23.41105509969573,75,56.82608335225199,43,0.1990978087593631,4223,200.8258234885482,0.37542499999999995
Busqueda Local,32,22.60274657836201,51,59.91615552268186,14,59.88324885834357,4161,200.61183960428264,0.37589
Busqueda Local,27,19.27825063049648,43,40.01411634632254,57,0.1147972060985025,4731,201.03802879818343,0.37559937499999996
Busqueda Local,23,18.00552305240121,97,46.47482396930619,45,0.7091258183039639,4962,201.43924180061308,0.37556
Busqueda Local,34,20.410086991953225,80,53.18686606982267,14,59.84552396567752,3697,201.44248213417043,0.375905
Busqueda Local,24,18.004152622900556,83,40.72849930552676,58,0.3300080242104197,6691,201.25252539815716,0.3753075
Busqueda Local,30,22.10002859730921,96,48.94288456515727,19,59.95300010126891,4141,200.2509946883474,0.375525
Busqueda Local,20,25.99905595530592,74,54.13165747844914,0,59.672482611859365,4474,200.87553067514597,0.37601249999999997
Busqueda Local,36,20.372356667539933,56,40.03092571388118,48,59.99585549671485,4779,202.08418579570915,0.3756031249999999
Busqueda Local,32,25.52624085306444,94,55.9476807374294,5,59.97665855959979,2415,201.66240431932437,0.375725
Busqueda Local,36,24.246886824732677,87,46.169244817816654,7,59.90775288976876,6534,200.5747175872325,0.375725
Busqueda Local,28,18.285944093375864,76,55.528476072019245,57,0.2659727529090538,1785,200.3325283182194,0.3752718749999999
Busqueda Local,19,25.94651056856261,86,51.23569658577296,36,0.3932987135675847,2627,200.8566315315995,0.3762337499999999
Busqueda Local,21,25.99695678561464,89,54.852486477075736,5,59.53808995954175,8305,200.923610118714,0.375934375
Busqueda Local,33,19.06481580930795,71,53.70683237715218,53,0.1795384615647632,2239,200.09583446870985,0.375256875
Busqueda Local,31,18.45521773464391,47,40.00407142544827,43,59.975551740765695,8654,201.33507321255848,0.37562125
Busqueda Local,22,18.028716744593986,97,40.74608605265795,56,0.2804819921136703,5191,201.26032682281155,0.3754875
Busqueda Local,18,25.99951266066396,76,48.8324024470805,60,8.607771925745503,4187,200.454846334589,0.3757999999999999
Busqueda Local,20,18.002588549946065,82,52.88206895305687,53,0.645425259904433,7952,200.99092353903495,0.375800625
Busqueda Local,20,18.003529685938837,72,49.728465229684105,44,0.0382165193346772,6739,201.4778552375585,0.37581875
Busqueda Local,29,20.893939699557784,80,53.77568709072339,3,59.92751715352294,2986,200.838396484916,0.37553
Busqueda Local,35,21.350254708117124,91,59.81568990035956,36,0.1402793011886749,6135,200.00844267081823,0.37558812499999994
Busqueda Local,30,23.319548698316943,92,56.99401859359621,39,0.0551870534166099,8713,200.65812960335344,0.3753075
Busqueda Local,31,19.93810223753662,48,59.996941955234384,58,0.1260599306302445,9529,201.08671027286888,0.37555249999999996
Busqueda Local,26,22.613315387646477,52,40.0684675039738,8,59.85870502342071,7673,200.5865158225928,0.375709375
Busqueda Local,23,18.05055645474836,52,40.07964165859362,6,59.83378985857855,9237,201.25822907066384,0.37612562499999996
Busqueda Local,31,22.706737753457027,100,52.33485717802115,10,59.40709360186143,3741,201.10869847430757,0.375704375
Busqueda Local,27,21.137154727396755,87,56.43409991503407,61,11.478274763156108,3760,201.38243782443683,0.3754924999999999
Busqueda Local,24,18.041394742776788,54,40.05006043968299,31,0.0035688889652818,4434,200.2817458250584,0.3757425
Busqueda Local,33,21.83729543718672,100,52.22847616710043,12,59.62019507315421,5689,204.6377533577827,0.3756737499999999
Busqueda Local,23,18.02574458697248,90,57.17489828654247,16,59.87444167810939,2088,200.26040060340125,0.37586062499999995
Busqueda Local,18,25.976896264665225,64,50.85249193275985,26,59.81654161180209,946,204.49957861494036,0.3761274999999999
Busqueda Local,30,22.694896980097635,85,51.3116607224468,28,0.077759875564809,9881,204.01794222362537,0.375705625
Busqueda Local,30,18.70355827856895,48,59.91998755531904,3,59.63756809915304,5533,200.9662714075792,0.375823125
Busqueda Local,23,18.03309837487011,72,59.11488871225001,43,0.0041075941657164,3240,200.28667535725128,0.3755174999999999
Busqueda Local,20,25.9745197701023,48,40.03891161311624,7,59.79425059780262,5639,200.67591301026016,0.3765374999999999
Busqueda Local,27,25.86035441886869,80,59.78840121196946,26,59.70335462018176,6129,200.18272333220932,0.37563499999999994
Busqueda Local,25,22.62032422705109,95,49.373222887024426,20,59.81949573600511,3189,201.58784851775815,0.3755424999999999
Busqueda Local,19,25.96327162973962,49,40.02420282158794,46,0.0685829481810595,5380,200.50568568120065,0.37595625
Busqueda Local,19,18.014049461504133,88,54.70368017104238,20,59.879368024590775,6362,200.1637300804851,0.37595437499999995
Busqueda Local,21,18.0472562760404,59,50.26126706059259,58,0.0843338315369846,1953,200.21889485558003,0.375435
Busqueda Local,35,22.64946795484459,88,54.39008099348761,19,59.899136963704585,5633,200.53822322326252,0.37582999999999994
Busqueda Local,25,19.403389051543265,78,46.22847140554687,21,59.46747370033852,5309,201.28160371329605,0.375475
Busqueda Local,23,25.996349583930133,98,46.59484102876651,56,0.3044195598963584,2743,200.50283366462875,0.3754243749999999
Busqueda Local,24,18.12822565960066,81,59.56846806898661,11,59.874045792683134,785,200.55311851319925,0.3758924999999999
Busqueda Local,21,18.007132378146544,58,40.00191631902827,14,59.88103728028386,1914,200.19779683824152,0.37586875
Busqueda Local,27,19.179691327823235,73,50.88288439433672,55,0.1108218508000624,2143,200.2947713954103,0.37531937499999996
Busqueda Local,21,25.958296303318043,41,59.962942826774366,1,59.94428320002339,9013,200.39196341807357,0.3764975
Busqueda Local,21,25.998073893280026,51,59.971700298863205,56,59.959234466495374,5470,200.49827297727708,0.37593499999999996
Busqueda Local,18,25.954454235772648,41,59.96067248140922,9,59.51821874685624,9514,200.16048614955136,0.37673999999999996
Busqueda Local Iterada,28,18.0,82,53.29240526242994,60,4.9969700389144265,130,379.8396796367472,0.49997
Busqueda Local Iterada,23,18.0,81,41.29886398755807,61,49.18867679309741,4018,231.4392617824043,0.37499875
Busqueda Local Iterada,19,20.65063718212348,87,55.97425068595944,22,21.727550683691334,8705,295.84471387962304,0.380601875
Busqueda Local Iterada,26,18.0,49,49.06537386006645,38,35.78608888106574,2106,495.2501230715634,0.382750625
Busqueda Local Iterada,23,18.0,94,43.46623637297287,52,16.583475831914868,9467,349.6609438856921,0.3784075
Busqueda Local Iterada,33,23.12380495785806,95,56.48780406247808,27,54.828236912640136,7866,422.4757656463007,0.37765499999999996
Busqueda Local Iterada,26,23.00796870568354,92,55.983714394028425,2,8.89402070757935,3481,284.50021673575765,0.37895437499999995
Busqueda Local Iterada,27,18.0,46,40.0,52,6.5490184089252885,1812,423.4145921612108,0.3813175
Busqueda Local Iterada,28,26.0,78,50.50092499533356,43,0.0,6093,250.31331186104677,0.3763875
Busqueda Local Iterada,26,23.687632302708792,71,60.0,55,18.123056127014905,7334,250.22921622265528,0.37612625
Busqueda Local Iterada,35,26.0,75,45.4133833184873,60,15.66464741263844,5969,239.8055563792407,0.375021875
Busqueda Local Iterada,31,26.0,48,48.69953127977969,16,14.771111609866836,554,394.6606956152618,0.3872781249999999
Busqueda Local Iterada,30,26.0,46,50.424938412510485,28,23.480038382120085,821,431.00379415249824,0.3848425
Busqueda Local Iterada,31,18.433239581699528,53,60.0,28,9.893973707098958,5027,238.08244311638583,0.38142062499999996
Busqueda Local Iterada,31,26.0,41,40.0,4,20.48127592744768,2996,352.8323432617576,0.381458125
Busqueda Local Iterada,27,18.0,62,40.0,45,42.13782049920552,3667,487.1503287240088,0.37728375000000003
Busqueda Local Iterada,34,21.82901062233107,67,41.30203353878449,36,31.66290189847513,3414,334.18992703030847,0.377054375
Busqueda Local Iterada,24,19.80190782026945,75,60.0,55,0.0,1139,452.2906791292598,0.376960625
Busqueda Local Iterada,35,19.61312273681084,76,40.0,51,26.25720360671629,2924,200.13120177738375,0.37601125
Busqueda Local Iterada,34,25.049933448923174,44,48.0960640395224,61,60.0,4802,285.4959846187944,0.37839375
Busqueda Local Iterada,27,26.0,41,58.91687461001543,57,16.620337015237364,7652,221.8485366591653,0.37921874999999994
Busqueda Local Iterada,33,18.0,74,51.14885584413357,38,26.976393430562208,1320,405.9366623365712,0.37856124999999996
Busqueda Local Iterada,20,26.0,62,60.0,21,48.98745663345349,4939,211.0157042943183,0.381548125
Busqueda Local Iterada,34,21.74117831081106,72,46.34290197631184,6,54.49677490058259,9644,337.45046598837644,0.37729375
Busqueda Local Iterada,35,25.307847086786328,100,40.0,45,51.44914573291893,1667,424.751237652468,0.37742125
Busqueda Local Iterada,18,26.0,70,60.0,31,36.13451140107933,439,392.18434064118674,0.5
Busqueda Local Iterada,26,18.0,54,45.769824965410585,12,0.0,7369,448.6674025685163,0.38425
Busqueda Local Iterada,19,21.95829167102703,94,42.79298205630764,46,54.39029225207973,4130,399.5426667235514,0.3807649999999999
Busqueda Local Iterada,27,23.37623052697873,67,45.92460200178048,26,33.07559817073074,4856,415.1518757752333,0.37823125
Busqueda Local Iterada,26,18.0,71,50.44037039693474,65,54.91939421963157,800,230.9713720794022,0.3749975
Busqueda Local Iterada,24,18.0,70,52.94523652933165,57,34.70674838576666,2752,203.66657771473436,0.3785775
Busqueda Local Iterada,35,20.86187305490725,51,40.0,56,42.41925881720845,3847,200.0,0.37760999999999995
Busqueda Local Iterada,28,18.592265036572623,98,41.96660545823754,59,0.0,4510,281.75379347121464,0.3749975
Busqueda Local Iterada,36,20.559101411998203,89,50.50475513126298,10,60.0,279,444.2999796189618,0.49999875
Busqueda Local Iterada,28,25.24895930713145,60,53.20238654329828,61,60.0,6183,500.0,0.37499625
Busqueda Local Iterada,22,18.0,55,53.341886063957375,21,19.568183769428405,1212,322.46539126562715,0.379754375
Busqueda Local Iterada,32,24.693753057650568,91,60.0,46,60.0,3347,259.9768683411671,0.37664624999999996
Busqueda Local Iterada,22,26.0,57,60.0,34,50.39838065822174,5238,452.8426338262093,0.381315
Busqueda Local Iterada,28,26.0,76,40.0,45,0.0,9209,417.7798507781238,0.37568625
Busqueda Local Iterada,24,18.0,91,40.0,39,32.01336029582228,3161,455.9117795472863,0.37965000000000004
Busqueda Local Iterada,28,18.0,55,40.944923535981765,21,13.82910101988966,4521,378.9112266494944,0.378924375
Busqueda Local Iterada,31,19.165489509237894,90,44.57494885120869,35,60.0,3473,462.249527834952,0.37731125
Busqueda Local Iterada,30,21.76332528582912,57,53.48322031425813,19,49.69121065494706,5198,200.5179691413329,0.38082375
Busqueda Local Iterada,30,18.0,100,56.65360091369308,9,29.1544511358386,2247,241.8397568278681,0.378216875
Busqueda Local Iterada,27,18.0,83,45.21991543617114,21,26.33740872844944,5157,308.7361637234221,0.378061875
Busqueda Local Iterada,33,26.0,84,40.0,45,42.08805542691569,8769,365.24819747620256,0.376164375
Busqueda Local Iterada,29,26.0,74,57.3073818636834,22,49.79424149110123,1019,326.2701510213936,0.37515
Busqueda Local Iterada,23,22.970075926128843,93,49.90052088747626,57,43.20178994253633,3086,296.8684450240426,0.37719125
Busqueda Local Iterada,24,26.0,71,59.13888002555616,34,52.328483641875366,8660,343.0190963966715,0.378555
Busqueda Local Iterada,34,26.0,83,46.51555824406794,58,21.92462455903116,1777,378.9687577654931,0.37509
Busqueda Local Iterada,31,18.77521460533271,75,55.93679861472725,43,44.630523507240646,4223,437.5673488839447,0.37647875
Busqueda Local Iterada,32,26.0,51,49.35074835342091,14,34.08918991946893,4161,235.540259282084,0.378575
Busqueda Local Iterada,27,26.0,43,52.53905210405303,57,17.054230791838112,4731,477.0956386834607,0.37824875
Busqueda Local Iterada,23,18.0,97,60.0,45,44.41496118076786,4962,366.7076182756616,0.375575
Busqueda Local Iterada,34,21.93234635668717,80,60.0,14,31.74703489504303,3697,413.0708559336428,0.375000625
Busqueda Local Iterada,24,26.0,83,57.83242729351672,58,38.13768957154048,6691,500.0,0.37570499999999996
Busqueda Local Iterada,30,20.10554668711004,96,55.108285581380585,19,1.2749741396653178,4141,341.3349728593978,0.37523375
Busqueda Local Iterada,20,18.0,74,56.728751991587885,0,45.0480466790721,4474,284.8233194972615,0.3816837499999999
Busqueda Local Iterada,36,26.0,56,40.0,48,36.64621921492164,4779,298.1914543590201,0.37849374999999996
Busqueda Local Iterada,32,18.0,94,49.03998406723763,5,16.879189401424735,2415,242.3482503970854,0.38020375
Busqueda Local Iterada,36,25.36909872928947,87,53.11225577069243,7,9.626343685248486,6534,334.3003743443788,0.3768
Busqueda Local Iterada,28,22.83380580358884,76,40.0,57,30.371027230267707,1785,237.7402075479544,0.37535375
Busqueda Local Iterada,19,26.0,86,41.48280668889644,36,60.0,2627,469.363228551042,0.3842849999999999
Busqueda Local Iterada,21,26.0,89,57.001489104876015,5,25.14462890293524,8305,277.13140208053056,0.3760975
Busqueda Local Iterada,33,19.343607090653705,71,43.67644008434872,53,22.791012436592723,2239,420.33361581013975,0.375
Busqueda Local Iterada,31,26.0,47,40.0,43,0.0,8654,287.58244339992024,0.38203812499999995
Busqueda Local Iterada,22,18.0,97,51.39463914199059,56,12.139267659023997,5191,478.0740891520936,0.377340625
Busqueda Local Iterada,18,18.47727339279709,76,52.50778093230176,60,18.667255614594456,4187,339.8322712299401,0.38109875
Busqueda Local Iterada,20,18.0,82,40.0,53,50.33118470821875,7952,217.75345915497817,0.37903437500000003
Busqueda Local Iterada,20,25.377233607342514,72,54.447425303874894,44,31.92356221223467,6739,224.68472727838815,0.37753499999999995
Busqueda Local Iterada,29,18.0,80,55.79352963095443,3,28.643897096654484,2986,224.5578356395221,0.3786812499999999
Busqueda Local Iterada,35,22.86503255895623,91,40.0,36,18.23260588931636,6135,413.7385132854443,0.37727125
Busqueda Local Iterada,30,18.1651948179833,92,52.85570766676635,39,34.79404818954841,8713,357.24305746882794,0.377721875
Busqueda Local Iterada,31,18.0,48,60.0,58,13.710824972733311,9529,362.059831297979,0.3782525
Busqueda Local Iterada,26,23.55834383598783,52,55.58527279703707,8,30.00335877807924,7673,316.87301351973986,0.3844918749999999
Busqueda Local Iterada,23,22.45334306481497,52,40.0,6,0.0,9237,205.00417507481117,0.38191062499999995
Busqueda Local Iterada,31,23.3893507879067,100,60.0,10,28.39150950805588,3741,222.4790107504299,0.37605625
Busqueda Local Iterada,27,26.0,87,60.0,61,59.98380163607188,3760,464.5813832423355,0.3749975
Busqueda Local Iterada,24,19.36329523251283,54,60.0,31,10.741830982869075,4434,338.972402181668,0.38874875
Busqueda Local Iterada,33,26.0,100,45.323336444153824,12,47.51504047849722,5689,428.782558676736,0.376616875
Busqueda Local Iterada,23,26.0,90,60.0,16,51.21810573586613,2088,324.2923461889784,0.3762999999999999
Busqueda Local Iterada,18,26.0,64,51.71937398842499,26,41.9788502344782,946,310.32084079645307,0.38710687499999996
Busqueda Local Iterada,30,26.0,85,47.47838098812478,28,0.0,9881,441.49179616477136,0.376246875
Busqueda Local Iterada,30,19.92121864448038,48,52.379695541644615,3,39.00027880821453,5533,406.1747052926841,0.38267562499999996
Busqueda Local Iterada,23,26.0,72,45.65295113135109,43,43.87281874049452,3240,459.1352583268722,0.37945937499999993
Busqueda Local Iterada,20,18.0,48,54.91731176038263,7,0.0,5639,342.4421931128898,0.389729375
Busqueda Local Iterada,27,26.0,80,42.12197411143703,26,48.38939533406796,6129,215.8629482301339,0.37951437499999996
Busqueda Local Iterada,25,22.905445745752036,95,60.0,20,43.95504585922248,3189,313.1078350760133,0.378500625
Busqueda Local Iterada,19,23.556633000950207,49,46.15505832849784,46,35.72145918917437,5380,372.5005376212943,0.3895475
Busqueda Local Iterada,19,24.97007860770283,88,40.0,20,18.997704776950822,6362,380.853757136188,0.386825
Busqueda Local Iterada,21,18.35411848981623,59,41.26883632510186,58,39.05618384903947,1953,295.3507913696222,0.3781875
Busqueda Local Iterada,35,18.0,88,40.0,19,21.49582945737336,5633,500.0,0.3770699999999999
Busqueda Local Iterada,25,18.0,78,40.26521261605705,21,44.45602728881673,5309,314.8852239671501,0.3783525
Busqueda Local Iterada,23,26.0,98,58.47082887333939,56,9.099695548094983,2743,211.9542229217231,0.37796125
Busqueda Local Iterada,24,23.760556362462022,81,51.10076931944832,11,39.47204175414591,785,371.7508879308102,0.37964
Busqueda Local Iterada,21,26.0,58,60.0,14,44.55305325857801,1914,337.7669718178837,0.388145625
Busqueda Local Iterada,27,18.0,73,48.876951134035295,55,0.0,2143,432.7857751306003,0.3755112499999999
Busqueda Local Iterada,21,26.0,41,50.47735327286742,1,39.41524597009429,9013,414.05906637689367,0.39763187499999997
Busqueda Local Iterada,21,18.0,51,59.9354658727628,56,14.612715867480842,5470,297.5822838635879,0.38831312500000004
Busqueda Local Iterada,18,26.0,41,55.63789282550766,9,22.937003721300435,9514,388.035340426243,0.39055
Busqueda Tabu,28,25.922652597251737,82,52.81391637939126,60,26.78229596052646,130,390.6213824158458,0.50003
Busqueda Tabu,23,23.259894948260783,81,49.49305454984858,61,51.19866720851154,4018,480.3426546137459,0.54089625
Busqueda Tabu,19,19.18597886737853,87,58.831552958912326,22,24.23136420924294,8705,448.1127553763485,0.668683125
Busqueda Tabu,26,25.110732177697308,49,49.06701679442664,38,35.32708259174312,2106,490.57403441768594,0.59657125
Busqueda Tabu,23,23.195858463966665,94,40.0,52,54.028371353658585,9467,500.0,0.55161875
Busqueda Tabu,33,18.693677205264933,95,60.0,27,27.270706652299356,7866,489.2747730132206,0.56344375
Busqueda Tabu,26,24.040724227730134,92,40.753791620236,2,2.538649728502853,3481,499.7414722813274,0.6147549999999999
Busqueda Tabu,27,21.06445530811789,46,46.82145359718142,52,21.594534519606896,1812,496.9073424429784,0.5885487500000001
Busqueda Tabu,28,21.770966019105924,78,58.04732292246936,43,43.18613003581019,6093,497.6154119933655,0.52990125
Busqueda Tabu,26,20.618532346287427,71,54.5395954685719,55,45.54609820870695,7334,499.230247680904,0.506879375
Busqueda Tabu,35,23.12994049281555,75,57.32241459418251,60,49.71632342114676,5969,499.707769173373,0.49955375
Busqueda Tabu,31,24.832556586906428,48,49.3973146565387,16,17.190978606292152,554,478.0213430591738,0.64211375
Busqueda Tabu,30,18.42571435304523,46,46.67156381084949,28,31.438257324931044,821,491.6663355972384,0.6331875
Busqueda Tabu,31,21.205152922458808,53,52.9729150858863,28,28.118395737254893,5027,484.2980492232416,0.5939518750000001
Busqueda Tabu,31,24.834384913137303,41,43.21766589157608,4,7.180151555941432,2996,496.3094814744649,0.711536875
Busqueda Tabu,27,23.88333324756884,62,51.90808216722528,45,42.17879943087991,3667,497.2462544361421,0.52612875
Busqueda Tabu,34,24.06856420596893,67,55.2721556131837,36,36.37527040911208,3414,497.13620968684194,0.5447175
Busqueda Tabu,24,24.21370234652029,75,40.0,55,26.92011227674832,1139,497.3445663816764,0.52972875
Busqueda Tabu,35,18.953843725386456,76,53.61259104580505,51,49.28070087038751,2924,497.9861755195267,0.51483875
Busqueda Tabu,34,18.880391710873745,44,45.184778609249065,61,27.70680295843762,4802,497.8526886049648,0.593701875
Busqueda Tabu,27,22.662372887382237,41,41.28787515736556,57,34.873445995362445,7652,483.163023228076,0.6149487499999999
Busqueda Tabu,33,23.297039159527834,74,58.47860163964957,38,39.410577062181225,1320,497.75369283868247,0.5393131250000001
Busqueda Tabu,20,20.30536280264187,62,45.6621316450666,21,23.36289504146792,4939,479.8741938933212,0.6521049999999999
Busqueda Tabu,34,23.344180711596287,72,43.95063899416006,6,10.679712543020782,9644,491.7190291452369,0.60648875
Busqueda Tabu,35,21.345358854249024,100,40.01159076652255,45,45.175884960510665,1667,497.4071308871866,0.5264068749999999
Busqueda Tabu,18,18.541494513895184,70,58.04740933297214,31,31.061802143253622,439,429.2956226306444,0.7683312499999999
Busqueda Tabu,26,21.592335550532127,54,55.07122023996285,12,11.447752256325336,7369,498.1927731280505,0.619221875
Busqueda Tabu,19,19.622930240014124,94,43.53603954684445,46,45.64438512372215,4130,492.56007847487456,0.62294125
Busqueda Tabu,27,22.64268370536116,67,44.83635324172537,26,27.408501956953653,4856,498.0413802144072,0.56418625
Busqueda Tabu,26,20.380523436705296,71,49.06668921153245,65,12.98681253040929,800,497.93054981228096,0.49977625000000003
Busqueda Tabu,24,24.03191549411588,70,48.19290525979066,57,57.75267031538405,2752,495.0471813439762,0.5279143749999999
Busqueda Tabu,35,24.460545746896788,51,51.24521051770007,56,46.00957647179544,3847,497.41923755811854,0.5545681250000001
Busqueda Tabu,28,25.69576017981346,98,47.56908722695927,59,14.871430816761965,4510,499.2196629059759,0.4996549999999999
Busqueda Tabu,36,23.56258395270376,89,46.26392692247466,10,10.15443931964208,279,279.5356816692498,0.63305375
Busqueda Tabu,28,20.56840499463135,60,40.52170830388221,61,29.25234910159784,6183,499.1853747244282,0.499903125
Busqueda Tabu,22,22.616998778714063,55,54.31592232228691,21,21.406514480223432,1212,470.6634858349875,0.6374531250000001
Busqueda Tabu,32,22.60289126636226,91,52.66433040906696,46,46.76502920309493,3347,499.2417451975431,0.5247668750000001
Busqueda Tabu,22,22.393637736208586,57,55.35394196287645,34,36.53712335570309,5238,489.0933629868616,0.6050806249999999
Busqueda Tabu,28,22.879320273551706,76,47.71879967179822,45,45.0025583306709,9209,490.60116882180034,0.5265
Busqueda Tabu,24,24.49229971803032,91,58.54129866397669,39,39.97814423301448,3161,495.096349317992,0.5575593750000001
Busqueda Tabu,28,21.782748681379918,55,52.59538490023653,21,22.05285610054629,4521,493.5719074903573,0.594206875
Busqueda Tabu,31,19.035501021160883,90,45.21438407029813,35,39.51795229381488,3473,499.3275429089306,0.5462981250000001
Busqueda Tabu,30,23.05779138558916,57,49.64608743661908,19,19.81809564119469,5198,483.5277350987832,0.58672375
Busqueda Tabu,30,19.108761642004517,100,47.14959090621325,9,9.874641438984852,2247,497.2046214981588,0.59765
Busqueda Tabu,27,21.09518201851021,83,48.27432414793077,21,21.06015780749631,5157,481.3185476017993,0.5764275000000001
Busqueda Tabu,33,18.0,84,56.07129708421361,45,45.238558479515774,8769,493.8930125969879,0.526118125
Busqueda Tabu,29,19.316872170760227,74,54.13273843036442,22,26.281967436174867,1019,498.07828882600194,0.572343125
Busqueda Tabu,23,23.40201600629377,93,49.57936245771092,57,49.0093482002718,3086,499.9481674984214,0.543319375
Busqueda Tabu,24,24.217281285991948,71,47.73633896552919,34,43.98491997995471,8660,497.5481130807981,0.564825
Busqueda Tabu,34,21.34798713171461,83,50.21589135037149,58,47.10626314392512,1777,499.6029780900115,0.50133
Busqueda Tabu,31,25.156874719179747,75,45.25505812844143,43,44.83442407247066,4223,499.2785411074363,0.529875
Busqueda Tabu,32,25.91866792692505,51,52.53475507655912,14,17.049195116602903,4161,486.4080675688104,0.630015625
Busqueda Tabu,27,23.27989711779096,43,43.2299618449138,57,17.959430434970574,4731,494.9946028477112,0.6013999999999999
Busqueda Tabu,23,23.712725085483008,97,58.30733211481628,45,49.44384028740176,4962,485.0214880246492,0.5598925
Busqueda Tabu,34,24.81870506043099,80,44.20402373966991,14,15.613313658429636,3697,494.0424409179169,0.589365625
Busqueda Tabu,24,24.167030208910315,83,50.39139487914567,58,27.699055603441472,6691,495.5436746796218,0.5272425000000001
Busqueda Tabu,30,23.84427367014431,96,55.249918864988416,19,19.09225402578572,4141,497.631301940284,0.57856625
Busqueda Tabu,20,20.5345350965313,74,41.27812111979412,0,2.2224464531817456,4474,484.14503283827656,0.7009624999999999
Busqueda Tabu,36,23.19881631777838,56,54.78844498338781,48,50.90946315518456,4779,494.24543663569904,0.53593625
Busqueda Tabu,32,25.643950015173623,94,41.581595382245446,5,5.163536186028361,2415,478.18447929039127,0.60848375
Busqueda Tabu,36,21.64812818977162,87,51.27066230578534,7,12.11910969127061,6534,499.9790828969522,0.6031912500000001
Busqueda Tabu,28,23.43566407696206,76,49.9491681376427,57,57.1987534026943,1785,491.3411440367788,0.5030399999999999
Busqueda Tabu,19,19.205771739953395,86,47.8906044401977,36,23.80974048241428,2627,458.5352679160513,0.641885
Busqueda Tabu,21,22.651525240409317,89,53.57354103661311,5,6.242046804179351,8305,497.0163604151751,0.670578125
Busqueda Tabu,33,24.33702931800188,71,56.00550011840422,53,48.41926916996714,2239,496.8067849457064,0.5103912500000001
Busqueda Tabu,31,24.61889944005619,47,48.64977391856453,43,41.47644061978022,8654,496.0853103167503,0.602453125
Busqueda Tabu,22,22.318556477007967,97,53.55808541578732,56,54.21669833636502,5191,494.5569445626638,0.55923625
Busqueda Tabu,18,18.45963226971049,76,45.57131469149682,60,12.885729250722488,4187,489.5220839136929,0.6189425
Busqueda Tabu,20,20.07502523978025,82,44.3456501277184,53,56.96715812223409,7952,499.1256720017117,0.5950131249999999
Busqueda Tabu,20,20.41050223423403,72,47.38648719047116,44,44.81832704244458,6739,488.323282317928,0.611026875
Busqueda Tabu,29,20.85197685482288,80,57.05111132876108,3,6.9006346760233095,2986,485.3842637232924,0.6125674999999999
Busqueda Tabu,35,20.10364211242937,91,56.21704942139108,36,38.55446144229432,6135,496.1038232708756,0.5443675
Busqueda Tabu,30,21.512338083318127,92,50.89367545704075,39,39.99591027603768,8713,498.6874654417618,0.537906875
Busqueda Tabu,31,21.8909862438762,48,49.19341514198685,58,56.12063247744867,9529,484.1116317429559,0.57143125
Busqueda Tabu,26,23.41288164934969,52,52.14277248047317,8,9.387177177475657,7673,478.9931861237061,0.63653125
Busqueda Tabu,23,23.46855235775694,52,52.919936393533966,6,11.900385218461665,9237,443.6531921928741,0.6659018750000001
Busqueda Tabu,31,20.25838135323573,100,48.139252266070535,10,12.38435440712507,3741,499.0990344740646,0.5977025
Busqueda Tabu,27,20.215504161688827,87,45.179547289484574,61,32.910121253304006,3760,499.6798339215085,0.49970125
Busqueda Tabu,24,24.210678297921067,54,54.37742192347341,31,34.10531038977528,4434,493.9065768867212,0.598851875
Busqueda Tabu,33,22.30701488307438,100,42.5046282692342,12,13.965654143117687,5689,454.2077193622597,0.59351
Busqueda Tabu,23,23.81728282966318,90,50.008723794107176,16,20.19172988413426,2088,491.2777957011232,0.61409875
Busqueda Tabu,18,18.68979434176387,64,42.567503735407705,26,31.60267687974559,946,495.68957535946873,0.67364875
Busqueda Tabu,30,18.46303553800064,85,40.74727186486158,28,27.635593626354236,9881,496.29002405185673,0.56114625
Busqueda Tabu,30,26.0,48,48.95047160338983,3,4.186025456142923,5533,467.1495625155537,0.669974375
Busqueda Tabu,23,23.19090733516462,72,41.65820852330168,43,44.36672767778799,3240,478.88762622356927,0.564658125
Busqueda Tabu,20,20.92294159971589,48,52.8235781673671,7,9.54190868364605,5639,492.5280347458346,0.7379725
Busqueda Tabu,27,19.283394380130076,80,48.676737809205015,26,28.553812412906755,6129,482.0067289719221,0.564735
Busqueda Tabu,25,25.336123870731647,95,41.60600154796911,20,22.996010386215392,3189,494.8609124547018,0.581480625
Busqueda Tabu,19,20.5698280213344,49,49.24527564821143,46,42.9386379643687,5380,476.98184388294993,0.675416875
Busqueda Tabu,19,19.169807655620687,88,45.0835082470434,20,20.78104714550642,6362,424.0084731651508,0.670150625
Busqueda Tabu,21,21.25716200700597,59,51.48863930314917,58,13.372603316862534,1953,485.5501918380013,0.57327
Busqueda Tabu,35,23.453761128310617,88,52.371228785010096,19,20.22198728718041,5633,492.7303982769496,0.57933375
Busqueda Tabu,25,18.962240737975616,78,43.66656213898344,21,23.06972319765256,5309,489.57026282903786,0.57560875
Busqueda Tabu,23,23.53069764419432,98,44.02272327916695,56,56.28215946790392,2743,494.5945491886074,0.543461875
Busqueda Tabu,24,24.334570005035104,81,46.277538097742486,11,14.870112959456076,785,491.8807579583166,0.61173
Busqueda Tabu,21,22.17782737087508,58,54.26866310175949,14,16.935165289784674,1914,478.21441374293335,0.6537437500000001
Busqueda Tabu,27,18.96288408663007,73,54.15922174375972,55,52.75327492945548,2143,496.7020803960242,0.5065787500000001
Busqueda Tabu,21,22.99547765082356,41,44.238792614664014,1,5.104914990594949,9013,498.4067677497968,0.7767850000000001
Busqueda Tabu,21,21.181232285529788,51,48.93432098967047,56,50.5287013274203,5470,492.62154358368167,0.615264375
Busqueda Tabu,18,18.27082596636356,41,44.46761108276648,9,9.799418865922531,9514,437.7350905527153,0.803045
Recocido Simulado,28,19.63535965632552,82,56.068346783438486,60,24.74742359090348,130,262.22308253377025,0.50003
Recocido Simulado,23,23.165921215803824,81,57.51553122509804,61,51.54352581718707,4018,486.20177449195074,0.539204375
Recocido Simulado,19,19.27945949259672,87,57.888832120324736,22,22.63942095034441,8705,492.5665824633404,0.6688324999999999
Recocido Simulado,26,20.21101467124541,49,49.41081445501379,38,36.73243498984059,2106,484.8619528718932,0.5979181250000001
Recocido Simulado,23,23.04708257316998,94,48.78468901477681,52,47.669495043375086,9467,483.10345588703245,0.5517525
Recocido Simulado,33,22.36201433304864,95,45.55505736933052,27,26.87432693274063,7866,492.0913848007536,0.5623
Recocido Simulado,26,21.564215398285967,92,53.71630711321033,2,7.963145487866116,3481,499.8704154447927,0.6162412500000001
Recocido Simulado,27,19.30186192752068,46,46.50428899694053,52,47.120246290601706,1812,497.1886103342216,0.590583125
Recocido Simulado,28,25.916013494772177,78,57.91453152239564,43,42.41210230412967,6093,496.75245547494745,0.530210625
Recocido Simulado,26,18.38785858485394,71,40.830307013890746,55,39.59944951369207,7334,498.9285806731514,0.507005625
Recocido Simulado,35,18.0,75,48.82438216911281,60,10.238738384858928,5969,498.8627457070907,0.499924375
Recocido Simulado,31,18.21839592608827,48,47.90103138716264,16,19.75014577950046,554,496.7143266348166,0.645375625
Recocido Simulado,30,25.7245787926201,46,46.61597412306164,28,26.308715264046505,821,463.47490053755325,0.631856875
Recocido Simulado,31,19.629251595567624,53,52.32277835557674,28,31.199073205542216,5027,478.1592231543335,0.5882674999999999
Recocido Simulado,31,25.810192511628347,41,41.83810763359682,4,4.2932885678726045,2996,446.1391218866439,0.713494375
Recocido Simulado,27,20.685953629341107,62,48.01905422043048,45,44.55455940555471,3667,496.554532904335,0.5264218749999999
Recocido Simulado,34,23.53464000057416,67,46.43502947007648,36,36.1439254345033,3414,475.8707467506596,0.5439475
Recocido Simulado,24,24.3636022207442,75,48.14504956165362,55,11.564681231966365,1139,490.1530849038992,0.529701875
Recocido Simulado,35,25.217433671356687,76,57.83040934554927,51,47.44627588739858,2924,494.06569629264135,0.514115
Recocido Simulado,34,20.74486117888048,44,45.47182740548688,61,53.64252882463279,4802,493.6194373090136,0.593774375
Recocido Simulado,27,19.96186654850635,41,42.14165214475963,57,35.55731030556879,7652,490.7980677052553,0.614771875
Recocido Simulado,33,18.34208460628924,74,56.59777659590335,38,38.13568981301168,1320,491.8773877729056,0.5411287499999999
Recocido Simulado,20,20.639054228063088,62,53.95873506290613,21,22.4082945536767,4939,479.6227159661265,0.65469625
Recocido Simulado,34,18.3918928730088,72,50.67774696880473,6,10.727119351758422,9644,498.8227534928058,0.6067425
Recocido Simulado,35,18.58443220037012,100,56.97594042883451,45,45.91081302421215,1667,489.18697426783774,0.5254300000000001
Recocido Simulado,18,18.10454100833122,70,51.42845261933962,31,26.77871657752073,439,413.3936210383646,0.7660825
Recocido Simulado,26,20.11460048094243,54,53.19177553182858,12,13.476869579366822,7369,481.3951849115181,0.61773125
Recocido Simulado,19,19.074872589544253,94,58.38458747949431,46,44.39120179656648,4130,484.39074232065394,0.6229018749999999
Recocido Simulado,27,25.83119525820367,67,45.11240824624079,26,24.84016798831138,4856,499.3408696032846,0.5640237499999999
Recocido Simulado,26,24.277490879228576,71,47.01372081206,65,22.581996572272807,800,495.4812444210602,0.4997793749999999
Recocido Simulado,24,24.181413098572733,70,44.36114802316606,57,55.491408332014885,2752,494.8631980854593,0.527745
Recocido Simulado,35,20.162132895084085,51,51.542109792613445,56,57.79971883053672,3847,483.3639182503285,0.55391875
Recocido Simulado,28,19.93645443612465,98,43.99015731438096,59,11.575682025359432,4510,498.2262593617367,0.49987812499999995
Recocido Simulado,36,22.78554673983654,89,53.56530587693526,10,10.616379661247548,279,277.52062347305235,0.6343924999999999
Recocido Simulado,28,20.99778573996732,60,49.54115100825904,61,16.05510836945783,6183,499.5242417276826,0.49965375
Recocido Simulado,22,22.55248475433319,55,56.28925435320441,21,21.12268683936668,1212,491.6537206311708,0.63988
Recocido Simulado,32,21.193170893023275,91,49.62974896239815,46,44.53735646527192,3347,491.4281920572986,0.52328125
Recocido Simulado,22,22.58621422723727,57,43.63807060374151,34,35.21576595689298,5238,488.0537894248124,0.605435
Recocido Simulado,28,18.23470504204684,76,47.30187331316874,45,46.15118039727425,9209,494.485483686943,0.526754375
Recocido Simulado,24,24.306198061319893,91,44.60794140724799,39,43.064418228201774,3161,488.7609419827447,0.555993125
Recocido Simulado,28,19.849907411347885,55,55.19717743365719,21,20.87583162357736,4521,471.8631363828444,0.59428375
Recocido Simulado,31,23.951121252548567,90,45.83154189947314,35,31.02813557455024,3473,494.961386456585,0.546553125
Recocido Simulado,30,22.521995531224835,57,57.29126742347856,19,21.45451980995305,5198,481.6098048301576,0.587195625
Recocido Simulado,30,25.254365082870343,100,55.18883996682177,9,12.557769276778847,2247,499.8635931339989,0.5990500000000001
Recocido Simulado,27,19.21936614034093,83,54.02411019666236,21,21.72447591507793,5157,480.4209201352235,0.574665
Recocido Simulado,33,23.722445427584574,84,55.50404047426786,45,47.28801110734365,8769,498.6391836942087,0.5270062499999999
Recocido Simulado,29,20.906194409877703,74,44.940892289909165,22,25.45988309353333,1019,498.6157169329567,0.57398125
Recocido Simulado,23,23.39381288715081,93,44.13634108378507,57,35.13549928025092,3086,497.17800108168296,0.544179375
Recocido Simulado,24,24.522041578358596,71,58.177105306059325,34,31.74739136414159,8660,495.7577898661191,0.5657825
Recocido Simulado,34,19.6346574828444,83,52.20787887196562,58,58.25908157764528,1777,498.31250399815946,0.50114375
Recocido Simulado,31,23.1573242221142,75,45.94731495147396,43,45.31599104049101,4223,499.0720022993554,0.530164375
Recocido Simulado,32,19.60137167857351,51,49.89392135742359,14,15.103608581030286,4161,472.82513758395953,0.6314737500000001
Recocido Simulado,27,22.54189607755889,43,43.34868138679872,57,32.59023821128259,4731,494.4983165093858,0.60236625
Recocido Simulado,23,23.24260738717096,97,46.03705745710192,45,48.51026520759859,4962,489.88344094044754,0.562088125
Recocido Simulado,34,24.9903237262332,80,58.78953426260497,14,16.071484430835167,3697,492.631397665624,0.58933625
Recocido Simulado,24,24.514472044429237,83,45.626947527234194,58,50.11565829313886,6691,500.0,0.526923125
Recocido Simulado,30,20.76706032039301,96,40.121189644387215,19,19.80267251911096,4141,497.4896677569648,0.579221875
Recocido Simulado,20,20.105790236053156,74,55.41307458073523,0,1.1338255452949064,4474,466.8327909945989,0.694559375
Recocido Simulado,36,23.67524011874469,56,52.45749116047113,48,48.56340666949879,4779,494.08160199244696,0.535781875
Recocido Simulado,32,22.1019506860808,94,60.0,5,6.425628195109162,2415,500.0,0.60876375
Recocido Simulado,36,20.90614503075316,87,46.3606803149876,7,7.119735158033091,6534,486.35884645493206,0.60452375
Recocido Simulado,28,21.777539950515752,76,52.63296900109401,57,57.05834442579247,1785,498.0599808976545,0.5031287499999999
Recocido Simulado,19,19.551363548410357,86,53.55218728842169,36,38.39750255463887,2627,486.7961786556112,0.6405506249999999
Recocido Simulado,21,22.021441686167083,89,40.65033645350103,5,9.390205265498713,8305,475.93054218075736,0.6696918749999999
Recocido Simulado,33,18.67375612653221,71,40.32640169438167,53,51.15739598005596,2239,494.305285684718,0.510474375
Recocido Simulado,31,18.42176349215684,47,48.42891772902156,43,42.927867369927135,8654,496.2093872642877,0.5986431249999999
Recocido Simulado,22,22.05709808001125,97,50.78755722332973,56,52.36354331174911,5191,499.9205976455384,0.560755625
Recocido Simulado,18,18.186082632662583,76,52.51846804304276,60,39.34891174590058,4187,485.3935217269322,0.6193806249999999
Recocido Simulado,20,20.166253172160296,82,54.18695644996214,53,35.28059612756071,7952,486.2511004878135,0.5956637499999999
Recocido Simulado,20,20.34727479555628,72,49.88597448888704,44,51.5721641539086,6739,492.1534931989913,0.61022
Recocido Simulado,29,23.654515432893653,80,58.32964932123628,3,3.62488043160826,2986,499.30397005847567,0.613475625
Recocido Simulado,35,23.360469813861265,91,54.71697654465981,36,36.44371532052818,6135,497.5953747477993,0.544435
Recocido Simulado,30,25.832235509613923,92,46.06058299952827,39,35.57004538894611,8713,499.7232599166778,0.538476875
Recocido Simulado,31,24.499925743993927,48,48.14318266781383,58,58.70862581771757,9529,495.9710118085166,0.57108375
Recocido Simulado,26,21.311505429260905,52,52.701889196618126,8,11.62807654400522,7673,487.03196934270966,0.6351743750000001
Recocido Simulado,23,23.43712107639809,52,48.27400566175061,6,9.666861264750718,9237,482.0587985034716,0.666898125
Recocido Simulado,31,23.39619125165247,100,47.35703141994311,10,10.337465672263072,3741,494.6215640902259,0.59688375
Recocido Simulado,27,25.691000799628405,87,51.990687910152815,61,50.606264643186094,3760,499.974414985269,0.4996975
Recocido Simulado,24,25.14748948422114,54,49.80598894065351,31,31.3553254067938,4434,489.62522880514473,0.5977306250000001
Recocido Simulado,33,18.0,100,40.15403517825364,12,13.649828376177954,5689,500.0,0.594445
Recocido Simulado,23,23.2183074381968,90,59.26167275207963,16,18.63764904184613,2088,498.9662821371521,0.61519
Recocido Simulado,18,18.42517823941774,64,43.44304773240457,26,30.04000781422042,946,489.9580752084518,0.67574625
Recocido Simulado,30,18.0,85,52.4738971010116,28,29.50125377248378,9881,496.014447139519,0.56100125
Recocido Simulado,30,21.198528355520693,48,48.2612313579716,3,3.447718235204351,5533,499.9277600420346,0.6725237500000001
Recocido Simulado,23,23.526454060152943,72,53.34417654410066,43,36.708077107185325,3240,499.4794459889657,0.56644625
Recocido Simulado,20,20.91004222394543,48,52.251910863585145,7,9.786868957210554,5639,482.598298065672,0.73539
Recocido Simulado,27,23.88616100078288,80,55.42174739897891,26,27.51523019900788,6129,495.98630353716567,0.5647825000000001
Recocido Simulado,25,25.472828003483965,95,56.75507430182662,20,20.63791564985172,3189,499.5723483273395,0.581368125
Recocido Simulado,19,19.328419355907712,49,49.66998176452702,46,53.3008102154871,5380,498.5003818211312,0.6761725000000001
Recocido Simulado,19,19.137881013348565,88,51.80911460397644,20,25.951064376908903,6362,499.5189955309116,0.6725393749999999
Recocido Simulado,21,21.16494741694177,59,59.41330562853736,58,19.8377466731592,1953,484.8213364499577,0.5732031249999999
Recocido Simulado,35,23.21990017430532,88,55.07256519533155,19,21.30470573815895,5633,498.9477141317433,0.57903125
Recocido Simulado,25,25.270204184689646,78,53.41748132276288,21,23.01545410416119,5309,491.149511099434,0.57538625
Recocido Simulado,23,23.183941605960754,98,46.1095311426205,56,28.05227938236953,2743,490.4633344395448,0.544019375
Recocido Simulado,24,24.172615532534014,81,55.06050355196576,11,12.276850183749309,785,497.1126561150893,0.61165125
Recocido Simulado,21,21.06402514772284,58,58.19004131804666,14,22.32220826156595,1914,456.438587658008,0.65456625
Recocido Simulado,27,18.37696821772826,73,54.62190722208575,55,49.88319353781828,2143,499.123215742302,0.5067950000000001
Recocido Simulado,21,22.028958875754185,41,44.60242306281837,1,3.012490398943215,9013,480.2499896514441,0.7729725000000001
Recocido Simulado,21,21.03999941009194,51,50.85090214281814,56,52.31265224467591,5470,486.28310218259054,0.617645
Recocido Simulado,18,18.447154823351195,41,42.76914152495466,9,9.681119364948138,9514,490.3752529397616,0.80176125
